{"stat.walkOneCm":462686,"stat.playerKills":1,"stat.leaveGame":22,"stat.useItem.24":236,"stat.mineBlock.13":2,"stat.jump":1443,"stat.swimOneCm":21272,"stat.useItem.323":7,"stat.fallOneCm":64163,"stat.climbOneCm":1052,"achievement.exploreAllBiomes":{"value":0,"progress":["Plains"]},"stat.useItem.37":1,"achievement.openInventory":71,"stat.damageTaken":12210,"stat.mineBlock.3":3,"stat.useItem.54":1,"stat.flyOneCm":434143,"stat.deaths":6,"stat.useItem.267":3,"stat.drop":4,"stat.playOneMinute":148159,"stat.useItem.3":4,"stat.damageDealt":310,"stat.useItem.13":2,"stat.mineBlock.31":10,"stat.diveOneCm":220}