{"stat.useItem.67":1,"stat.walkOneCm":272770,"stat.useItem.156":3,"stat.leaveGame":12,"stat.useItem.160":2,"stat.jump":188,"stat.swimOneCm":259,"stat.useItem.323":17,"stat.fallOneCm":26079,"achievement.exploreAllBiomes":{"value":0,"progress":["Beach","Jungle","Ocean","Forest","River","Plains","JungleHills","Desert"]},"achievement.openInventory":10,"stat.damageTaken":7490,"stat.useItem.383":4,"stat.useItem.98":3,"stat.flyOneCm":1250521,"stat.deaths":3,"stat.drop":7,"stat.useItem.389":2,"stat.playOneMinute":105453,"stat.useItem.4":3,"stat.useItem.109":46,"stat.useItem.3":4,"stat.damageDealt":185,"stat.useItem.17":14,"stat.useItem.18":2,"stat.diveOneCm":333}