{"stat.useItem.89":4,"achievement.openInventory":37,"stat.damageDealt":295,"stat.useItem.96":1,"stat.useItem.65":1,"achievement.exploreAllBiomes":{"value":0,"progress":["Desert","Taiga","Ocean","Plains","Beach","Jungle","Swampland"]},"stat.useItem.50":4,"stat.useItem.126":1,"stat.useItem.5":2,"stat.useItem.380":5,"stat.fallOneCm":4491,"stat.flyOneCm":271358,"stat.useItem.33":2,"stat.useItem.152":57,"stat.useItem.69":15,"stat.climbOneCm":374,"stat.damageTaken":13860,"stat.useItem.47":11,"stat.playOneMinute":84519,"stat.leaveGame":5,"stat.diveOneCm":710,"stat.useItem.123":56,"stat.useItem.22":5,"stat.jump":333,"stat.useItem.98":10,"stat.walkOneCm":164863,"stat.useItem.35":2,"stat.useItem.276":3,"stat.useItem.67":4}