{"stat.damageDealt":1495,"stat.mineBlock.37":1,"achievement.exploreAllBiomes":{"value":0,"progress":["Forest","Desert","Taiga","Ocean","Plains","Jungle","Swampland"]},"stat.mineBlock.31":66,"stat.killEntity.Cow":1,"achievement.openInventory":31,"stat.climbOneCm":10771,"stat.fallOneCm":12955,"stat.flyOneCm":95462,"stat.useItem.283":5,"stat.drop":6,"stat.damageTaken":5270,"stat.playOneMinute":72778,"stat.leaveGame":2,"stat.diveOneCm":15644,"stat.useItem.267":3,"stat.mineBlock.18":34,"stat.jump":912,"stat.mineBlock.50":5,"stat.useItem.268":13,"stat.swimOneCm":9516,"stat.mobKills":4,"stat.walkOneCm":687022,"stat.killEntity.Zombie":3}