{"stat.useItem.103":9,"achievement.openInventory":138,"stat.killEntity.Sheep":8,"stat.damageDealt":19630,"stat.mineBlock.37":1,"achievement.exploreAllBiomes":{"value":0,"progress":["Forest","Desert","Taiga","Plains","Ice Mountains","Jungle","Swampland"]},"stat.mineBlock.31":88,"stat.killEntity.Cow":1,"stat.climbOneCm":59700,"stat.fallOneCm":78281,"stat.flyOneCm":1140397,"stat.useItem.283":49,"stat.drop":45,"stat.damageTaken":61363,"stat.leaveGame":15,"stat.killEntity.Creeper":1,"stat.diveOneCm":112815,"stat.mineBlock.103":5,"stat.useItem.267":195,"stat.playOneMinute":235022,"stat.killEntity.Spider":7,"stat.killEntity.Slime":17,"stat.killEntity.Pig":3,"stat.mineBlock.18":68,"stat.deaths":1,"stat.jump":4974,"stat.swimOneCm":38560,"stat.useItem.268":180,"stat.mobKills":76,"stat.killEntity.Skeleton":9,"stat.walkOneCm":1524719,"stat.killEntity.Zombie":28}