{"achievement.openInventory":41,"stat.damageDealt":1580,"stat.useItem.19":3,"stat.useItem.96":18,"achievement.exploreAllBiomes":{"value":0,"progress":["Forest","Desert","Taiga","Extreme Hills","Ocean","Plains","Beach","Ice Mountains","Jungle","Swampland"]},"stat.mineBlock.31":49,"stat.useItem.126":22,"stat.useItem.323":19,"stat.fallOneCm":14391,"stat.flyOneCm":2869188,"stat.useItem.152":2,"stat.useItem.69":4,"stat.useItem.95":16,"stat.climbOneCm":6564,"stat.drop":1,"stat.damageTaken":95767,"stat.useItem.47":36,"stat.playOneMinute":213551,"stat.leaveGame":28,"stat.diveOneCm":3832,"stat.useItem.123":11,"stat.useItem.267":61,"stat.useItem.22":4,"stat.deaths":1,"stat.jump":1032,"stat.swimOneCm":1407,"stat.useItem.20":31,"stat.mobKills":4,"stat.walkOneCm":451651,"stat.killEntity.Zombie":4,"stat.useItem.44":5}