{"stat.damageDealt":1650,"stat.mineBlock.37":1,"achievement.exploreAllBiomes":{"value":0,"progress":["Forest","Desert","Taiga","Ocean","Plains","Jungle","Swampland"]},"stat.mineBlock.31":10,"achievement.openInventory":15,"stat.climbOneCm":14506,"stat.fallOneCm":5417,"stat.flyOneCm":19492,"stat.drop":12,"stat.damageTaken":2573,"stat.playOneMinute":73274,"stat.leaveGame":4,"stat.diveOneCm":13300,"stat.useItem.267":8,"stat.killEntity.Pig":4,"stat.mineBlock.18":18,"stat.jump":436,"stat.swimOneCm":11788,"stat.useItem.268":48,"stat.mobKills":8,"stat.killEntity.Skeleton":1,"stat.walkOneCm":526243,"stat.killEntity.Zombie":3}