{"stat.damageDealt":1160,"achievement.exploreAllBiomes":{"value":0,"progress":["Forest","Desert","Taiga","Plains","Ice Mountains","Jungle","Swampland"]},"stat.mineBlock.31":1,"stat.useItem.103":4,"achievement.openInventory":32,"stat.climbOneCm":15770,"stat.fallOneCm":15927,"stat.flyOneCm":208387,"stat.drop":18,"stat.damageTaken":3921,"stat.playOneMinute":46265,"stat.leaveGame":9,"stat.diveOneCm":1533,"stat.mineBlock.103":4,"stat.useItem.267":10,"stat.mineBlock.18":34,"stat.walkOneCm":197035,"stat.jump":1071,"stat.swimOneCm":1250,"stat.useItem.268":12}