{"stat.damageDealt":1910,"achievement.exploreAllBiomes":{"value":0,"progress":["Plains","Jungle"]},"stat.mineBlock.31":1,"stat.killEntity.Cow":2,"achievement.openInventory":19,"stat.climbOneCm":8914,"stat.fallOneCm":14590,"stat.flyOneCm":127326,"stat.useItem.283":6,"stat.damageTaken":2775,"stat.leaveGame":1,"stat.playOneMinute":25615,"stat.killEntity.Spider":2,"stat.diveOneCm":10948,"stat.useItem.267":3,"stat.mineBlock.18":1,"stat.jump":734,"stat.useItem.268":25,"stat.swimOneCm":9153,"stat.mobKills":6,"stat.killEntity.Skeleton":1,"stat.walkOneCm":177358,"stat.killEntity.Zombie":1}