{"stat.useItem.103":12,"achievement.openInventory":167,"stat.killEntity.Sheep":1,"stat.damageDealt":7849,"achievement.exploreAllBiomes":{"value":0,"progress":["Forest","Desert","Plains","Jungle","Swampland"]},"stat.useItem.50":13,"stat.mineBlock.31":23,"stat.killEntity.Cow":2,"stat.climbOneCm":40502,"stat.fallOneCm":68134,"stat.flyOneCm":825087,"stat.useItem.283":7,"stat.drop":137,"stat.damageTaken":33806,"stat.leaveGame":13,"stat.diveOneCm":47469,"stat.animalsBred":1,"stat.mineBlock.103":15,"stat.useItem.267":53,"stat.playOneMinute":165967,"stat.killEntity.Spider":3,"stat.killEntity.Slime":6,"stat.killEntity.Pig":2,"stat.mineBlock.18":32,"stat.jump":3844,"stat.mineBlock.50":13,"stat.swimOneCm":37296,"stat.useItem.268":59,"stat.mobKills":26,"stat.killEntity.Skeleton":5,"stat.horseOneCm":818,"stat.walkOneCm":1021214,"stat.killEntity.Zombie":7}