{"stat.damageDealt":3330,"stat.mineBlock.37":1,"achievement.exploreAllBiomes":{"value":0,"progress":["Forest","Desert","Taiga","Plains","Jungle","Swampland"]},"stat.mineBlock.31":15,"achievement.openInventory":26,"stat.craftItem.5":8,"stat.climbOneCm":2437,"stat.fallOneCm":7100,"stat.flyOneCm":101443,"stat.drop":26,"stat.damageTaken":12036,"stat.playOneMinute":25900,"stat.leaveGame":4,"stat.diveOneCm":1827,"achievement.mineWood":1,"stat.mineBlock.18":1,"stat.deaths":1,"stat.jump":399,"stat.swimOneCm":855,"stat.useItem.268":73,"stat.mobKills":11,"stat.killEntity.Skeleton":5,"stat.walkOneCm":231877,"stat.killEntity.Zombie":6}