{"stat.useItem.minecraft.redstone_block":19,"stat.crouchOneCm":680,"stat.useItem.minecraft.quartz_block":1,"achievement.exploreAllBiomes":{"value":0,"progress":["Plains"]},"stat.useItem.minecraft.stained_glass":10,"achievement.openInventory":88,"stat.useItem.minecraft.stained_hardened_clay":4,"stat.fallOneCm":335,"stat.flyOneCm":865188,"stat.useItem.minecraft.stone":1,"stat.useItem.minecraft.redstone_lamp":16,"stat.drop":3,"stat.damageTaken":10,"stat.timeSinceDeath":43553,"stat.playOneMinute":188811,"stat.leaveGame":7,"stat.useItem.minecraft.glowstone":1,"stat.diveOneCm":1504,"stat.useItem.minecraft.stone_slab":1,"stat.walkOneCm":134064,"stat.jump":453,"stat.useItem.minecraft.carpet":1,"stat.swimOneCm":8671,"stat.sprintOneCm":2734}