{"stat.damageDealt":530,"stat.crouchOneCm":6288,"stat.useItem.minecraft.quartz_block":24,"achievement.exploreAllBiomes":{"value":0,"progress":["Plains"]},"stat.useItem.minecraft.stained_glass":16,"achievement.openInventory":292,"stat.killEntity.EntityHorse":2,"stat.climbOneCm":627,"stat.flyOneCm":2861431,"stat.drop":24,"stat.damageTaken":-2147483409,"stat.timeSinceDeath":9952,"stat.playOneMinute":534614,"stat.leaveGame":3,"stat.diveOneCm":7694,"achievement.mineWood":2,"stat.useItem.minecraft.gold_block":101,"stat.deaths":2,"stat.useItem.minecraft.coal_block":12,"stat.jump":2741,"stat.swimOneCm":6520,"stat.useItem.minecraft.beacon":14,"stat.mobKills":2,"stat.walkOneCm":1224648,"stat.sprintOneCm":4017,"stat.useItem.minecraft.dirt":62}